Folder Path Yolu,TargetAppId,SHA-1 Hash
WER\ReportArchive\AppCrash_dwm.exe_196d53111c215b904d913fa41dc9b8c3afc9e52e_a5e01898_fe625d40-e59a-4a7b-a3c9-aed2c74333cc\Report.wer,W:0000f519feec486de87ed73cb92d3cac802400000000!0000ec039023c2d1947d01e2f56d2dd726cf0645934f!dwm.exe,0000ec039023c2d1947d01e2f56d2dd726cf0645934f
WER\ReportArchive\AppCrash_mmc.exe_5219f715576151b5d97df474cb6b495b2c75438_433b7513_b12277e9-e095-45cd-b5bb-6bda4f1da4da\Report.wer,W:0000f519feec486de87ed73cb92d3cac802400000000!0000d7f1d8278c0379fc9265854ea8ee4271a066ca79!mmc.exe,0000d7f1d8278c0379fc9265854ea8ee4271a066ca79
WER\ReportArchive\AppCrash_mmc.exe_dfd9d0cfc572b2417ef0c0256e3397fe7e90bfa_433b7513_54c74938-e006-4e61-ace9-b884d4efd223\Report.wer,W:0000f519feec486de87ed73cb92d3cac802400000000!0000d7f1d8278c0379fc9265854ea8ee4271a066ca79!mmc.exe,0000d7f1d8278c0379fc9265854ea8ee4271a066ca79
WER\ReportArchive\AppCrash_rcsetup154.exe_8146dd8cf67a5d5ae7be0831110198a15a843_2cd8c751_a7681a8c-101c-437c-a8d2-c8e79614850f\Report.wer,W:0006f860c096c016fa1e18f3ecddfc17e5db00000904!0000de2cf03a1dbdbe1b02327e92aeaef96a583280df!rcsetup154.exe,0000de2cf03a1dbdbe1b02327e92aeaef96a583280df
WER\ReportArchive\AppCrash_svchost.exe_Maps_1f809ca31b32cefa4b6d71bdaf7a286b680dea5_50f6c0cc_46bbffd1-a4b5-4910-8e7b-86a577b0e501\Report.wer,W:0000f519feec486de87ed73cb92d3cac802400000000!0000445f5f38365af88ec29b357f4696f0e3ee50a1d8!svchost.exe,0000445f5f38365af88ec29b357f4696f0e3ee50a1d8
WER\ReportArchive\AppCrash_wuauclt.exe_8a5882d1d4b79ed4521c8bccf7da50c190e0df43_1b8268e4_60636851-7aea-4dd2-ae42-05f2f2d3f8bb\Report.wer,W:0000f519feec486de87ed73cb92d3cac802400000000!00005ed5cb68b81a169d242f89292fe3a3cb32415a69!wuauclt.exe,00005ed5cb68b81a169d242f89292fe3a3cb32415a69
WER\ReportArchive\AppCrash_wuauclt.exe_8a5882d1d4b79ed4521c8bccf7da50c190e0df43_1b8268e4_eec72738-c698-4da0-87a7-9397fe7f7d6a\Report.wer,W:0000f519feec486de87ed73cb92d3cac802400000000!00005ed5cb68b81a169d242f89292fe3a3cb32415a69!wuauclt.exe,00005ed5cb68b81a169d242f89292fe3a3cb32415a69
WER\ReportArchive\Critical_10.0.19041.3745_df96a81894588e781d035b6a7d2c998db8c4560_00000000_9fe3498a-5d4d-40c5-b5e3-bf6c8c8c0b21\Report.wer,W:0006280455868ff4cdcd06133da65e3d195b00000904!000099bf5030a015c2f5bea0ab7196b925f6b8d959f9!TiWorker.exe,000099bf5030a015c2f5bea0ab7196b925f6b8d959f9
WER\ReportArchive\Critical_10.0.19041.3745__e25b5295577d28d6732941e2eceeb11a5e5c4_00000000_f5fc9143-81e1-4b04-b20e-5feb502c0929\Report.wer,W:0006280455868ff4cdcd06133da65e3d195b00000904!000099bf5030a015c2f5bea0ab7196b925f6b8d959f9!TiWorker.exe,000099bf5030a015c2f5bea0ab7196b925f6b8d959f9
WER\ReportArchive\Critical_10.0.19041.5071_fbbdf88e9860494b9c520624d338a7c905e79_00000000_3736c310-dfe6-4453-ae77-8df1689e1341\Report.wer,W:0006918f3a3737903d5e01d6017fceca309700000904!0000f65e3f9a9997366102334ac84c49bc701d388cad!TiWorker.exe,0000f65e3f9a9997366102334ac84c49bc701d388cad
WER\ReportArchive\Critical_10.0.19041.5071_fbbdf88e9860494b9c520624d338a7c905e79_00000000_45350ca1-5788-49e8-99eb-d959b6b172f4\Report.wer,W:0006918f3a3737903d5e01d6017fceca309700000904!0000f65e3f9a9997366102334ac84c49bc701d388cad!TiWorker.exe,0000f65e3f9a9997366102334ac84c49bc701d388cad
WER\ReportArchive\Critical_10.0.19041.5071_fbbdf88e9860494b9c520624d338a7c905e79_00000000_6ba4357f-4c65-4acd-81d4-68afea94e7a0\Report.wer,W:0006918f3a3737903d5e01d6017fceca309700000904!0000f65e3f9a9997366102334ac84c49bc701d388cad!TiWorker.exe,0000f65e3f9a9997366102334ac84c49bc701d388cad
WER\ReportArchive\Critical_10.0.19041.5071__6516ddad6936e424a582f74c165beafb8de20_00000000_27628a7f-4296-4d6a-b52a-81ee6c918999\Report.wer,W:0006918f3a3737903d5e01d6017fceca309700000904!0000f65e3f9a9997366102334ac84c49bc701d388cad!TiWorker.exe,0000f65e3f9a9997366102334ac84c49bc701d388cad
WER\ReportArchive\Critical_10.0.19041.5071__a9e7d329bae93a8bed1f2f650acb29ea5648e9_00000000_0ba08316-0467-4649-bdc4-e4b549375c0f\Report.wer,W:0006918f3a3737903d5e01d6017fceca309700000904!0000f65e3f9a9997366102334ac84c49bc701d388cad!TiWorker.exe,0000f65e3f9a9997366102334ac84c49bc701d388cad
WER\ReportArchive\Critical_10.0.19041.5071__dbb1e6eaf6e2efb1bceffec58f6851ba1d17c1a_00000000_e248a33a-be63-4b5b-85d8-6469d2906ba3\Report.wer,W:0006918f3a3737903d5e01d6017fceca309700000904!0000f65e3f9a9997366102334ac84c49bc701d388cad!TiWorker.exe,0000f65e3f9a9997366102334ac84c49bc701d388cad
WER\ReportArchive\Critical_10.0.19041.5071__df3cd35f49bd9a4490ef13699f275d69d8e9e2e_00000000_7799b750-de10-4fc8-a562-ad33d60ccee4\Report.wer,W:0006918f3a3737903d5e01d6017fceca309700000904!0000f65e3f9a9997366102334ac84c49bc701d388cad!TiWorker.exe,0000f65e3f9a9997366102334ac84c49bc701d388cad
WER\ReportArchive\Critical_10.0.19041.5676_1798eac0aeeef46cd9354698ffec2721c71fadc_00000000_a9016417-2dd4-4f3c-913b-87656ebdf811\Report.wer,W:000628f3bbab349dbce2b635989a90d61fcb00000904!0000991a96e252b1e6379b7dfdd691dcf980abc7c759!TiWorker.exe,0000991a96e252b1e6379b7dfdd691dcf980abc7c759
WER\ReportArchive\Critical_10.0.19041.5676_1798eac0aeeef46cd9354698ffec2721c71fadc_00000000_b71fd10d-b2a0-4536-9e20-101941ead0dc\Report.wer,W:000628f3bbab349dbce2b635989a90d61fcb00000904!0000991a96e252b1e6379b7dfdd691dcf980abc7c759!TiWorker.exe,0000991a96e252b1e6379b7dfdd691dcf980abc7c759
WER\ReportArchive\Critical_10.0.19041.5676_1798eac0aeeef46cd9354698ffec2721c71fadc_00000000_c47022d0-e405-47ac-8502-0a3e1d088f1b\Report.wer,W:000628f3bbab349dbce2b635989a90d61fcb00000904!0000991a96e252b1e6379b7dfdd691dcf980abc7c759!TiWorker.exe,0000991a96e252b1e6379b7dfdd691dcf980abc7c759
WER\ReportArchive\Critical_10.0.19041.5676__e210573b3f32dea9993fa2d00e6f3959a53a675_00000000_23306eb2-c82c-471d-92ce-56e215f3f661\Report.wer,W:000628f3bbab349dbce2b635989a90d61fcb00000904!0000991a96e252b1e6379b7dfdd691dcf980abc7c759!TiWorker.exe,0000991a96e252b1e6379b7dfdd691dcf980abc7c759
WER\ReportArchive\Critical_10.0.19041.5676__e210573b3f32dea9993fa2d00e6f3959a53a675_00000000_a599242b-d6b2-4a56-94af-b5d0b37ec0ff\Report.wer,W:000628f3bbab349dbce2b635989a90d61fcb00000904!0000991a96e252b1e6379b7dfdd691dcf980abc7c759!TiWorker.exe,0000991a96e252b1e6379b7dfdd691dcf980abc7c759
WER\ReportArchive\Critical_10.0.19041.5676__e210573b3f32dea9993fa2d00e6f3959a53a675_00000000_c5df5cca-2c76-4359-a546-053de6f50c31\Report.wer,W:000628f3bbab349dbce2b635989a90d61fcb00000904!0000991a96e252b1e6379b7dfdd691dcf980abc7c759!TiWorker.exe,0000991a96e252b1e6379b7dfdd691dcf980abc7c759
WER\ReportArchive\NonCritical_0x80070670_9c3b0231f5c696b3344ebeee6506d3e2b1_00000000_6d3b95c5-e909-4c72-8ea7-6caae07121f9\Report.wer,W:000682fd47201ce265c3618e00cfb602ba0100000904!00006103d9f6bf95c772c8b7ee89aee370cdca4642f8!MpSigStub.exe,00006103d9f6bf95c772c8b7ee89aee370cdca4642f8
WER\ReportArchive\NonCritical_4096_a8124244e4eb065938a476dca036db11552b85_00000000_77dcf959-a8bf-411a-885f-d54bf88bc561\Report.wer,W:0000f519feec486de87ed73cb92d3cac802400000000!0000e78d010c9f068709f495a31d319568330a1781fc!RelPost.exe,0000e78d010c9f068709f495a31d319568330a1781fc
WER\ReportArchive\NonCritical_80004004_4afe6efcf07d29b3cf40622349f3ac3bcee166_00000000_fe648f36-fc3a-401b-b69a-49814a7813d8\Report.wer,W:0000f519feec486de87ed73cb92d3cac802400000000!0000445f5f38365af88ec29b357f4696f0e3ee50a1d8!svchost.exe,0000445f5f38365af88ec29b357f4696f0e3ee50a1d8
WER\ReportArchive\NonCritical_80010108_1286e239b8a48e9821a1eccfa60cda2934593d6_00000000_bf6e9831-8deb-4c64-9738-853689126032\Report.wer,W:0000f519feec486de87ed73cb92d3cac802400000000!0000445f5f38365af88ec29b357f4696f0e3ee50a1d8!svchost.exe,0000445f5f38365af88ec29b357f4696f0e3ee50a1d8
WER\ReportArchive\NonCritical_Acquisition;plac_dda6734d16dccc1d28054e3b6318227a0367317_00000000_425373db-34b3-458a-8fa6-f4cf852d1717\Report.wer,W:0000f519feec486de87ed73cb92d3cac802400000000!0000445f5f38365af88ec29b357f4696f0e3ee50a1d8!svchost.exe,0000445f5f38365af88ec29b357f4696f0e3ee50a1d8
WER\ReportArchive\NonCritical_MicrosoftEdgeUpd_1fb8d8d3ec3b525b5fdca608252b07451a56231_00000000_0f39b4d6-dd4d-49e3-bd4b-edbeb38509d0\Report.wer,W:00060cab34c3bd2ce1cf6ea945003efe06a200000904!00003d26b0dc519e04999118f4a02ea8acd5f1db8feb!MicrosoftEdgeUpdate.exe,00003d26b0dc519e04999118f4a02ea8acd5f1db8feb
WER\ReportArchive\NonCritical_MicrosoftEdgeUpd_d56892c9856cdbf920d8206f1054143892c62fbd_00000000_b705e050-5ce2-401a-8b43-77c9b6f3a5ce\Report.wer,W:00060cab34c3bd2ce1cf6ea945003efe06a200000904!00003d26b0dc519e04999118f4a02ea8acd5f1db8feb!MicrosoftEdgeUpdate.exe,00003d26b0dc519e04999118f4a02ea8acd5f1db8feb
WER\ReportArchive\NonCritical_MicrosoftEdgeUpd_f628ae95d931046b5e6efb28e40562d30e2a6_00000000_4db5d36a-8693-4e95-9d61-1fdfac1eef9b\Report.wer,W:00060cab34c3bd2ce1cf6ea945003efe06a200000904!00003d26b0dc519e04999118f4a02ea8acd5f1db8feb!MicrosoftEdgeUpdate.exe,00003d26b0dc519e04999118f4a02ea8acd5f1db8feb
WER\ReportArchive\NonCritical_msedgewebview2se_c17d5de3f896f2a3ba87c1d88168fbf171b984_00000000_7fd6684f-1cdb-4454-8ec5-8f573b96d81b\Report.wer,W:000606f2b7c2c6395b1b238ac88a5fd9ea2100000904!0000c66b0f1b5f01b0a6a8eb0dc32842983f05c992c3!setup.exe,0000c66b0f1b5f01b0a6a8eb0dc32842983f05c992c3
WER\ReportArchive\NonCritical_setup.exe_29aa78622e50821bb389c4803eb8f57912f8699_00000000_b4df5de3-b80e-4559-b3af-e5354ff93c04\Report.wer,W:00069563025a7455cc40c5828bd1825090d600000904!0000a7e831d392e99f3d37847dcc561dd2e017065439!setup.exe,0000a7e831d392e99f3d37847dcc561dd2e017065439
WER\ReportArchive\NonCritical_setup.exe_3c1ce5e69b7527b562193f3f8c5bc2cb8cf183_00000000_55ea88a0-d027-4933-aa05-6442e5f95378\Report.wer,W:000606f2b7c2c6395b1b238ac88a5fd9ea2100000904!0000c66b0f1b5f01b0a6a8eb0dc32842983f05c992c3!setup.exe,0000c66b0f1b5f01b0a6a8eb0dc32842983f05c992c3
WER\ReportArchive\NonCritical_setup.exe_3dc01979329d46e9386b9b9c81349bdf85ff138_00000000_835cf65d-243b-4c1f-9945-b8995e7c0ebe\Report.wer,W:000606f2b7c2c6395b1b238ac88a5fd9ea2100000904!00003c45cf5cfb74312efda4436e79ea19011bec6ccb!MicrosoftEdge_X64_131.0.2903.70.exe,00003c45cf5cfb74312efda4436e79ea19011bec6ccb
WER\ReportArchive\NonCritical_Update;ScanForUp_2043d354beeee852128a3cd58b376dd6a515e37_00000000_f745efc8-4080-41ed-ba2b-abd4cceac025\Report.wer,W:0000f519feec486de87ed73cb92d3cac802400000000!0000445f5f38365af88ec29b357f4696f0e3ee50a1d8!svchost.exe,0000445f5f38365af88ec29b357f4696f0e3ee50a1d8
WER\ReportArchive\NonCritical_Update;ScanForUp_7e9e92b5783fee466be41227fa1f2015be451_00000000_4214dabf-cb9f-4dd5-a89f-fe88a0fabad6\Report.wer,W:0000f519feec486de87ed73cb92d3cac802400000000!0000445f5f38365af88ec29b357f4696f0e3ee50a1d8!svchost.exe,0000445f5f38365af88ec29b357f4696f0e3ee50a1d8
WER\ReportArchive\NonCritical_Update;_52fc6bd16e9355ee8fbc1fb874213a5341bc75a_00000000_733b51ac-23b5-4644-9412-3125ed429ec7\Report.wer,W:0000f519feec486de87ed73cb92d3cac802400000000!0000445f5f38365af88ec29b357f4696f0e3ee50a1d8!svchost.exe,0000445f5f38365af88ec29b357f4696f0e3ee50a1d8
